Location,Link
alabama,https://www.hilton.com/en/locations/usa/alabama/
alaska,https://www.hilton.com/en/locations/usa/alaska/
arizona,https://www.hilton.com/en/locations/usa/arizona/
arkansas,https://www.hilton.com/en/locations/usa/arkansas/
california,https://www.hilton.com/en/locations/usa/california/
colorado,https://www.hilton.com/en/locations/usa/colorado/
connecticut,https://www.hilton.com/en/locations/usa/connecticut/
delaware,https://www.hilton.com/en/locations/usa/delaware/
districtOfColumbia,https://www.hilton.com/en/locations/usa/district-of-columbia/
florida,https://www.hilton.com/en/locations/usa/florida/
georgia,https://www.hilton.com/en/locations/usa/georgia/
hawaii,https://www.hilton.com/en/locations/usa/hawaii/
idaho,https://www.hilton.com/en/locations/usa/idaho/
illinois,https://www.hilton.com/en/locations/usa/illinois/
indiana,https://www.hilton.com/en/locations/usa/indiana/
iowa,https://www.hilton.com/en/locations/usa/iowa/
kansas,https://www.hilton.com/en/locations/usa/kansas/
kentucky,https://www.hilton.com/en/locations/usa/kentucky/
louisiana,https://www.hilton.com/en/locations/usa/louisiana/
maine,https://www.hilton.com/en/locations/usa/maine/
maryland,https://www.hilton.com/en/locations/usa/maryland/
massachusetts,https://www.hilton.com/en/locations/usa/massachusetts/
michigan,https://www.hilton.com/en/locations/usa/michigan/
minnesota,https://www.hilton.com/en/locations/usa/minnesota/
mississippi,https://www.hilton.com/en/locations/usa/mississippi/
missouri,https://www.hilton.com/en/locations/usa/missouri/
montana,https://www.hilton.com/en/locations/usa/montana/
nebraska,https://www.hilton.com/en/locations/usa/nebraska/
nevada,https://www.hilton.com/en/locations/usa/nevada/
newHampshire,https://www.hilton.com/en/locations/usa/new-hampshire/
newJersey,https://www.hilton.com/en/locations/usa/new-jersey/
newMexico,https://www.hilton.com/en/locations/usa/new-mexico/
newYork,https://www.hilton.com/en/locations/usa/new-york/
northCarolina,https://www.hilton.com/en/locations/usa/north-carolina/
northDakota,https://www.hilton.com/en/locations/usa/north-dakota/
ohio,https://www.hilton.com/en/locations/usa/ohio/
oklahoma,https://www.hilton.com/en/locations/usa/oklahoma/
oregon,https://www.hilton.com/en/locations/usa/oregon/
pennsylvania,https://www.hilton.com/en/locations/usa/pennsylvania/
rhodeIsland,https://www.hilton.com/en/locations/usa/rhode-island/
southCarolina,https://www.hilton.com/en/locations/usa/south-carolina/
southDakota,https://www.hilton.com/en/locations/usa/south-dakota/
tennessee,https://www.hilton.com/en/locations/usa/tennessee/
texas,https://www.hilton.com/en/locations/usa/texas/
utah,https://www.hilton.com/en/locations/usa/utah/
vermont,https://www.hilton.com/en/locations/usa/vermont/
virginia,https://www.hilton.com/en/locations/usa/virginia/
washington,https://www.hilton.com/en/locations/usa/washington/
westVirginia,https://www.hilton.com/en/locations/usa/west-virginia/
wisconsin,https://www.hilton.com/en/locations/usa/wisconsin/
wyoming,https://www.hilton.com/en/locations/usa/wyoming/
alberta,https://www.hilton.com/en/locations/canada/alberta/
britishColumbia,https://www.hilton.com/en/locations/canada/british-columbia/
manitoba,https://www.hilton.com/en/locations/canada/manitoba/
newBrunswick,https://www.hilton.com/en/locations/canada/new-brunswick/
novaScotia,https://www.hilton.com/en/locations/canada/nova-scotia/
ontario,https://www.hilton.com/en/locations/canada/ontario/
princeEdwardIsland,https://www.hilton.com/en/locations/canada/prince-edward-island/
quebec,https://www.hilton.com/en/locations/canada/quebec/
saskatchewan,https://www.hilton.com/en/locations/canada/saskatchewan/
aguascalientes,https://www.hilton.com/en/locations/mexico/aguascalientes/
cancun,https://www.hilton.com/en/locations/mexico/cancun/
celaya,https://www.hilton.com/en/locations/mexico/celaya/
chihuahua,https://www.hilton.com/en/locations/mexico/chihuahua/
ciudadApodaca,https://www.hilton.com/en/locations/mexico/ciudad-apodaca/
ciudadDelCarmen,https://www.hilton.com/en/locations/mexico/ciudad-del-carmen/
ciudadJuarez,https://www.hilton.com/en/locations/mexico/ciudad-juarez/
ciudadVictoria,https://www.hilton.com/en/locations/mexico/ciudad-victoria/
guadalajara,https://www.hilton.com/en/locations/mexico/guadalajara/
hermosillo,https://www.hilton.com/en/locations/mexico/hermosillo/
irapuato,https://www.hilton.com/en/locations/mexico/irapuato/
leon,https://www.hilton.com/en/locations/mexico/leon/
merida,https://www.hilton.com/en/locations/mexico/merida/
mexicoCity,https://www.hilton.com/en/locations/mexico/mexico-city/
monterrey,https://www.hilton.com/en/locations/mexico/monterrey/
paraiso,https://www.hilton.com/en/locations/mexico/paraiso/
piedrasNegras,https://www.hilton.com/en/locations/mexico/piedras-negras/
playaDelCarmen,https://www.hilton.com/en/locations/mexico/playa-del-carmen/
puertoVallarta,https://www.hilton.com/en/locations/mexico/puerto-vallarta/
queretaro,https://www.hilton.com/en/locations/mexico/queretaro/
reynosa,https://www.hilton.com/en/locations/mexico/reynosa/
salamanca,https://www.hilton.com/en/locations/mexico/salamanca/
saltillo,https://www.hilton.com/en/locations/mexico/saltillo/
sanAndresCholula,https://www.hilton.com/en/locations/mexico/san-andres-cholula/
sanJuanDelRio,https://www.hilton.com/en/locations/mexico/san-juan-del-rio/
sanLuisPotosi,https://www.hilton.com/en/locations/mexico/san-luis-potosi/
silao,https://www.hilton.com/en/locations/mexico/silao/
tampico,https://www.hilton.com/en/locations/mexico/tampico/
tijuana,https://www.hilton.com/en/locations/mexico/tijuana/
torreon,https://www.hilton.com/en/locations/mexico/torreon/
tuxtlaGutierrez,https://www.hilton.com/en/locations/mexico/tuxtla-gutierrez/
veracruz,https://www.hilton.com/en/locations/mexico/heroica-veracruz/
villahermosa,https://www.hilton.com/en/locations/mexico/villahermosa/
argentina,https://www.hilton.com/en/locations/argentina/
bolivia,https://www.hilton.com/en/locations/bolivia/
brazil,https://www.hilton.com/en/locations/brazil/
chile,https://www.hilton.com/en/locations/chile/
colombia,https://www.hilton.com/en/locations/colombia/
ecuador,https://www.hilton.com/en/locations/ecuador/
peru,https://www.hilton.com/en/locations/peru/
uruguay,https://www.hilton.com/en/locations/uruguay/
venezuela,https://www.hilton.com/en/locations/venezuela/
